Category,Samples,Shortage_Rate,Precision,Recall,ROC-AUC
encoded,2004,0.015469061876247504,0.7837837837837838,0.9354838709677419,0.999035364517764
Food,2004,0.015469061876247504,0.7837837837837838,0.9354838709677419,0.999035364517764
Grocery,2004,0.015469061876247504,0.7777777777777778,0.9032258064516129,0.9986920196851037
Pharmacy,2067,0.013062409288824383,0.78125,0.9259259259259259,0.99960058097313
Retail,1973,0.00963000506842372,0.8947368421052632,0.8947368421052632,0.9992458115606314
