Model,Accuracy,Precision,Recall,F1-Score,ROC-AUC
Logistic Regression,0.9929,0.6726190476190477,0.875968992248062,0.7609427609427609,0.9976267494084543
Random Forest,0.9945,0.7102272727272727,0.9689922480620154,0.819672131147541,0.9987882443207297
XGBoost,0.9954,0.7677419354838709,0.9224806201550387,0.8380281690140845,0.9991557761793806
XGBoost (Tuned),0.9956,0.7777777777777778,0.9224806201550387,0.8439716312056738,0.9991110126837757
